CustomerID,Gender,AgeGroup
C03003,F,>65
C00833,F,>65
C02439,M,<18
C02513,M,18-35
C04222,F,<18
C03596,F,36-50
C01138,F,36-50
C02750,F,<18
C03956,F,18-35
C00089,M,18-35
C02983,M,18-35
C04507,F,36-50
C03958,M,51-65
C01643,F,51-65
C00678,F,36-50
C00781,M,<18
C04885,M,<18
C02668,F,18-35
C04550,M,36-50
C01419,M,<18
C03141,M,51-65
C03162,F,>65
C00156,M,>65
C01142,M,51-65
C01124,F,51-65
C00175,M,51-65
C00424,M,<18
C02062,M,<18
C04665,F,36-50
C02151,M,18-35
C04963,M,<18
C03252,M,51-65
C04485,F,36-50
C03769,F,36-50
C02715,F,18-35
C01254,F,>65
C00405,F,<18
C03367,M,>65
C02388,M,18-35
C02932,M,>65
C02050,F,>65
C03140,F,36-50
C00136,F,51-65
C00390,F,<18
C03776,F,36-50
C00532,F,<18
C01868,M,51-65
C00211,F,36-50
C04296,F,18-35
C00526,M,36-50
C02928,M,>65
C02181,F,<18
C00602,M,51-65
C04758,M,<18
C02427,F,18-35
C03159,F,18-35
C01290,F,36-50
C03346,M,18-35
C03116,F,18-35
C03050,M,36-50
C03226,M,<18
C01005,F,51-65
C02848,F,>65
C03248,M,<18
C01971,F,18-35
C02759,F,>65
C04486,F,36-50
C00429,F,18-35
C01388,M,<18
C02672,M,<18
C01827,F,18-35
C04492,F,<18
C04590,M,36-50
C04544,M,51-65
C01529,M,<18
C01720,M,36-50
C03362,F,51-65
C02614,F,>65
C01162,F,51-65
C04779,M,36-50
C01883,F,51-65
C02940,M,36-50
C03707,M,18-35
C04061,F,18-35
C00350,F,>65
C03923,M,18-35
C00823,F,36-50
C00095,F,<18
C04131,M,>65
C01988,F,36-50
C02315,M,<18
C04204,M,36-50
C03760,F,<18
C04622,F,36-50
C01919,F,<18
C03728,M,18-35
C00584,F,<18
C04597,F,18-35
C01550,M,<18
C03106,F,18-35
C02526,F,51-65
C03243,F,>65
C02854,F,18-35
C04820,M,>65
C02402,M,<18
C00299,M,18-35
C01076,M,36-50
C04699,M,51-65
C03409,F,>65
C01909,F,51-65
C02101,F,51-65
C00702,F,36-50
C01291,F,>65
C01825,F,36-50
C00772,F,51-65
C03285,M,>65
C03870,M,36-50
C01495,M,18-35
C03893,M,>65
C00412,M,51-65
C00327,M,36-50
C02708,F,<18
C03880,F,<18
C01161,F,36-50
C04657,F,36-50
C01879,F,>65
C04263,F,<18
C00521,M,18-35
C00442,M,36-50
C00931,F,51-65
C04230,F,>65
C03640,M,18-35
C04738,M,18-35
C04495,F,>65
C01035,M,>65
C03944,M,>65
C04482,M,>65
C01728,F,51-65
C04879,F,<18
C03977,F,>65
C03144,F,36-50
C00173,F,36-50
C00368,M,>65
C01315,F,<18
C02616,M,51-65
C04174,F,>65
C01620,M,18-35
C02782,M,>65
C02248,M,<18
C00619,F,<18
C01463,F,18-35
C03306,F,>65
C00186,M,18-35
C03355,F,18-35
C04736,M,<18
C02263,M,51-65
C01903,M,<18
C01370,M,18-35
C00976,F,36-50
C03882,M,>65
C00482,F,<18
C00692,M,18-35
C00213,F,>65
C04564,F,51-65
C04210,F,51-65
C02137,M,<18
C03916,M,<18
C02554,M,<18
C02998,M,36-50
C02260,M,36-50
C03343,M,18-35
C00860,F,51-65
C03620,M,36-50
C00352,M,51-65
C03123,F,51-65
C02542,M,36-50
C01044,M,>65
C04307,F,36-50
C02445,F,36-50
C00031,M,>65
C04349,M,>65
C04173,M,18-35
C01792,F,>65
C02103,M,>65
C03983,M,36-50
C04436,M,>65
C03478,M,<18
C00634,F,36-50
C02019,M,51-65
C00363,M,51-65
C00983,M,18-35
C04278,M,<18
C00955,F,18-35
C01353,F,>65
C02451,M,18-35
C00719,M,18-35
C02594,F,36-50
C04716,F,36-50
C02200,F,<18
C03556,M,36-50
C02655,M,>65
C03778,M,36-50
C01951,M,36-50
C01603,M,36-50
C04884,F,36-50
C04706,F,36-50
C00310,F,>65
C01583,M,>65
C00138,F,36-50
C00365,F,51-65
C03627,M,18-35
C02819,M,36-50
C02529,M,18-35
C00664,F,18-35
C00254,F,<18
C02789,M,<18
C02654,F,>65
C01152,F,<18
C03773,F,51-65
C04376,M,>65
C00465,F,51-65
C04669,F,51-65
C00286,F,36-50
C02901,F,<18
C02999,M,36-50
C03468,F,18-35
C02541,M,>65
C03109,M,>65
C04898,F,<18
C00436,M,36-50
C02354,F,36-50
C03800,M,18-35
C00502,F,51-65
C00500,F,<18
C00220,M,36-50
C00022,F,18-35
C01763,F,18-35
C01367,M,<18
C00233,F,18-35
C03990,F,>65
C03237,F,18-35
C00346,M,<18
C04852,F,36-50
C04559,M,18-35
C02116,F,36-50
C04847,M,<18
C01380,F,51-65
C04219,F,18-35
C04720,F,18-35
C00609,F,<18
C01638,F,51-65
C00831,F,36-50
C00797,M,18-35
C01535,M,>65
C00826,F,>65
C03389,F,36-50
C03459,M,18-35
C02191,M,<18
C02245,M,<18
C02852,F,51-65
C00383,F,18-35
C02544,M,36-50
C03572,M,>65
C02700,M,>65
C03801,M,<18
C04455,M,51-65
C00751,F,36-50
C02258,F,18-35
C00457,F,18-35
C02251,F,<18
C00249,F,36-50
C03268,F,<18
C01560,F,51-65
C04119,M,<18
C00827,M,<18
C04607,F,36-50
C03017,M,>65
C01698,M,18-35
C02930,M,<18
C02784,F,36-50
C01785,M,51-65
C04788,F,18-35
C01155,M,36-50
C01512,F,36-50
C03920,M,36-50
C01428,M,51-65
C01110,M,36-50
C04935,M,36-50
C02737,F,51-65
C00774,F,51-65
C04451,M,>65
C00433,M,>65
C04447,M,18-35
C04731,F,<18
C02220,M,>65
C02683,F,<18
C04448,F,18-35
C00104,M,51-65
C04667,M,51-65
C04997,F,>65
C00930,M,<18
C00672,F,36-50
C00124,M,36-50
C04671,M,51-65
C01438,M,36-50
C01753,F,36-50
C02014,M,<18
C03186,F,51-65
C02959,M,51-65
C04921,F,36-50
C02033,F,<18
C00277,F,51-65
C02914,M,>65
C01351,F,36-50
C02950,M,<18
C02188,F,51-65
C01616,F,51-65
C03209,F,<18
C01834,F,>65
C03046,M,36-50
C00917,M,51-65
C00787,F,36-50
C00160,M,>65
C01481,M,>65
C04742,M,18-35
C00439,M,36-50
C00824,F,36-50
C04579,F,51-65
C03328,M,<18
C02327,F,51-65
C01519,F,18-35
C03637,M,36-50
C01454,M,<18
C04150,F,18-35
C01326,F,36-50
C04837,F,36-50
C02210,F,<18
C02001,F,<18
C00616,F,<18
C04258,F,36-50
C01857,M,51-65
C04802,M,51-65
C03669,M,>65
C02741,M,36-50
C02479,M,<18
C04994,M,36-50
C01782,M,51-65
C02140,F,51-65
C04596,M,18-35
C03384,M,51-65
C03996,M,>65
C00899,M,18-35
C04558,M,<18
C03563,F,>65
C04298,F,>65
C01195,F,36-50
C04183,F,51-65
C00700,M,18-35
C01228,M,51-65
C01178,M,18-35
C03557,F,<18
C01937,M,<18
C00596,F,36-50
C00052,M,>65
C01758,F,36-50
C02234,M,36-50
C01063,M,51-65
C03947,M,36-50
C03307,M,51-65
C04782,M,36-50
C04089,M,18-35
C04244,F,51-65
C01768,M,51-65
C00473,M,<18
C03667,M,>65
C03104,F,>65
C01887,M,<18
C01417,F,>65
C04427,F,36-50
C02168,M,18-35
C00338,M,51-65
C01767,F,<18
C01948,F,51-65
C02074,M,51-65
C04606,F,18-35
C01207,M,51-65
C00231,F,36-50
C02892,M,51-65
C03368,F,36-50
C00607,F,36-50
C02979,M,36-50
C03127,M,<18
C00012,F,18-35
C01667,M,36-50
C04985,M,36-50
C01844,M,18-35
C04747,M,<18
C02392,M,51-65
C03950,F,<18
C03790,F,51-65
C04854,M,36-50
C02888,M,<18
C02533,F,>65
C01501,F,<18
C04868,F,51-65
C04908,F,>65
C01797,M,51-65
C03877,F,36-50
C02976,M,36-50
C02396,F,>65
C04754,M,<18
C01599,M,<18
C01083,F,18-35
C00735,M,>65
C03862,F,36-50
C04081,M,18-35
C02247,F,18-35
C02508,M,18-35
C01101,M,36-50
C01921,M,18-35
C04918,M,<18
C00024,F,<18
C02097,M,51-65
C01177,M,51-65
C02783,F,36-50
C03263,F,36-50
C01563,F,18-35
C04862,F,18-35
C03551,F,<18
C04982,M,>65
C04829,M,>65
C04397,M,<18
C04067,F,36-50
C01885,M,36-50
C02902,F,<18
C02296,F,18-35
C04890,M,51-65
C01799,F,18-35
C00779,F,36-50
C00408,M,>65
C00086,M,36-50
C04166,F,<18
C01263,F,51-65
C02664,M,>65
C01676,F,>65
C01634,F,>65
C01389,F,<18
C00316,F,18-35
C04520,M,36-50
C00194,F,36-50
C00773,M,51-65
C03585,M,18-35
C03016,M,<18
C04840,M,36-50
C03930,M,36-50
C02334,F,>65
C00736,M,>65
C04992,M,>65
C02126,M,51-65
C00567,M,36-50
C00183,F,51-65
C00083,M,<18
C00815,M,>65
C01313,F,36-50
C03547,M,36-50
C04489,F,51-65
C04102,F,18-35
C04035,M,36-50
C02987,F,51-65
C00102,M,51-65
C04555,F,>65
C03802,M,>65
C01039,F,<18
C03492,M,>65
C01236,M,<18
C01528,M,36-50
C04937,M,36-50
C02160,F,18-35
C04630,M,18-35
C04930,F,>65
C03173,F,51-65
C01157,F,36-50
C01691,F,51-65
C00556,F,18-35
C00758,M,18-35
C02970,F,51-65
C00677,M,<18
C01898,F,36-50
C02666,M,18-35
C04525,M,>65
C01176,M,>65
C02482,M,36-50
C03213,F,>65
C04822,F,18-35
C04218,M,36-50
C04857,M,<18
C01163,M,51-65
C04149,M,51-65
C00580,F,>65
C00234,M,18-35
C04008,M,18-35
C04432,F,36-50
C03716,F,<18
C02850,F,36-50
C02925,F,>65
C03863,M,>65
C04213,F,<18
C02656,F,>65
C04471,M,>65
C04737,F,>65
C03724,M,51-65
C00980,M,18-35
C00829,F,36-50
C02053,M,<18
C04036,M,51-65
C00742,M,18-35
C01537,F,51-65
C00808,F,51-65
C03993,F,51-65
C01026,F,36-50
C01024,M,18-35
C03496,M,36-50
C03818,M,18-35
C01978,M,18-35
C02964,F,>65
C00108,M,<18
C02567,F,>65
C02860,F,>65
C02179,M,18-35
C00869,M,51-65
C04413,F,51-65
C01340,F,>65
C01040,M,36-50
C01500,F,51-65
C04674,F,36-50
C00871,M,<18
C04702,M,<18
C03967,M,51-65
C01838,M,18-35
C00342,F,<18
C01669,M,36-50
C01306,M,36-50
C00880,M,<18
C00475,M,18-35
C00690,F,36-50
C03619,M,18-35
C03293,F,18-35
C04763,M,51-65
C03767,M,>65
C00575,F,18-35
C01260,F,<18
C00814,F,36-50
C03512,M,>65
C03117,M,18-35
C00394,F,18-35
C03530,M,<18
C00003,M,<18
C01542,M,36-50
C04860,M,18-35
C02820,M,18-35
C01773,F,18-35
C03980,F,>65
C01355,F,36-50
C03506,F,<18
C02020,F,18-35
C00077,M,18-35
C02866,M,51-65
C02174,F,36-50
C03734,F,51-65
C03040,M,51-65
C02282,M,>65
C04642,M,36-50
C03026,M,<18
C04778,F,>65
C03763,M,<18
C02996,M,18-35
C03683,M,>65
C04700,F,>65
C05000,M,36-50
C04103,F,<18
C01011,M,51-65
C02158,M,36-50
C03126,M,18-35
C00044,M,>65
C01604,F,>65
C01065,M,<18
C00460,M,36-50
C02688,F,<18
C04411,F,36-50
C01527,M,>65
C00888,F,36-50
C04132,F,36-50
C04141,F,18-35
C01591,F,18-35
C03098,F,18-35
C01070,M,<18
C03002,M,36-50
C03600,M,51-65
C01709,M,18-35
C02208,M,>65
C04071,M,>65
C04440,M,18-35
C04753,M,18-35
C02355,F,>65
C02589,M,36-50
C01036,M,51-65
C00622,M,>65
C01642,F,51-65
C02911,M,51-65
C03691,F,>65
C01182,M,>65
C02377,F,36-50
C02318,M,51-65
C01637,M,<18
C03030,F,>65
C03025,F,<18
C00509,F,51-65
C04465,F,>65
C02835,F,51-65
C04987,F,<18
C04849,M,51-65
C04012,M,<18
C03580,M,51-65
C00236,F,<18
C03418,M,>65
C03042,M,36-50
C02995,F,>65
C00555,M,36-50
C00015,F,>65
C00271,F,<18
C01659,M,<18
C04826,M,36-50
C00986,M,36-50
C03935,F,36-50
C04302,F,36-50
C00865,M,<18
C01686,F,18-35
C03703,F,36-50
C03583,M,18-35
C03994,M,51-65
C03540,M,51-65
C00541,M,<18
C03972,F,>65
C02922,M,51-65
C01644,M,>65
C03401,F,51-65
C03057,M,<18
C01047,M,36-50
C00770,M,18-35
C02640,M,>65
C01098,M,<18
C04780,M,<18
C00367,F,36-50
C00794,F,36-50
C02641,M,>65
C00727,M,51-65
C02075,M,36-50
C02579,M,<18
C03697,M,>65
C00398,M,51-65
C00730,F,51-65
C03503,F,51-65
C04137,M,>65
C04490,F,18-35
C03385,M,36-50
C03839,M,<18
C02710,F,18-35
C02786,M,51-65
C00493,F,<18
C02274,F,18-35
C02760,F,51-65
C03425,M,<18
C02807,M,36-50
C04339,M,>65
C02080,F,18-35
C04979,F,>65
C02404,F,>65
C01464,F,18-35
C02691,F,18-35
C01771,M,51-65
C00162,F,36-50
C03837,M,>65
C01787,F,>65
C01973,M,51-65
C00189,M,36-50
C01344,M,>65
C01872,M,51-65
C03008,M,18-35
C03038,M,51-65
C01863,M,>65
C01578,M,36-50
C03986,M,18-35
C03696,M,<18
C02958,F,51-65
C04312,M,36-50
C00559,F,18-35
C00600,M,18-35
C02832,M,<18
C03729,F,<18
C04909,F,18-35
C03774,M,>65
C03210,M,<18
C00838,F,51-65
C01824,F,18-35
C02867,F,18-35
C03942,M,<18
C00641,F,51-65
C01602,F,51-65
C04541,M,<18
C00225,F,51-65
C04842,F,<18
C04528,F,51-65
C04249,F,>65
C02658,M,51-65
C00301,F,18-35
C03456,M,>65
C00887,F,18-35
C02004,F,18-35
C02106,F,18-35
C03108,F,36-50
C01474,M,>65
C02595,F,18-35
C01031,F,<18
C01889,F,51-65
C00009,M,51-65
C00111,M,18-35
C01901,F,18-35
C02370,M,>65
C04616,F,51-65
C02136,F,36-50
C00782,M,51-65
C01664,M,51-65
C04688,F,18-35
C00795,M,36-50
C02401,M,<18
C01149,M,18-35
C01567,M,36-50
C00767,M,18-35
C02502,M,>65
C01794,F,18-35
C04537,F,>65
C03103,F,36-50
C01402,M,<18
C01106,M,36-50
C03520,F,>65
C04650,M,<18
C04676,F,<18
C03846,M,51-65
C00047,M,<18
C04998,F,36-50
C01733,F,>65
C00537,F,18-35
C03214,M,51-65
C00528,F,36-50
C00434,M,<18
C04063,M,<18
C04511,M,>65
C00505,F,>65
C01034,F,>65
C04450,F,18-35
C02582,F,18-35
C03378,M,36-50
C04962,F,36-50
C03085,M,>65
C04984,F,18-35
C02787,M,36-50
C02287,M,51-65
C03194,M,36-50
C02934,M,<18
C00239,F,18-35
C01711,M,51-65
C03316,M,51-65
C02095,M,36-50
C00192,F,>65
C00910,F,<18
C04027,F,36-50
C00324,F,36-50
C02689,M,36-50
C01573,M,>65
C02758,M,51-65
C04445,F,51-65
C04241,M,36-50
C01845,M,51-65
C02545,M,36-50
C03498,F,51-65
C03936,F,18-35
C04359,M,51-65
C00819,M,>65
C03179,M,51-65
C04889,F,<18
C02731,F,18-35
C00359,M,36-50
C02271,F,51-65
C03489,F,18-35
C00361,F,>65
C04070,F,51-65
C03945,F,36-50
C00407,F,36-50
C01456,M,51-65
C04203,F,51-65
C02099,F,36-50
C04371,M,36-50
C02364,M,18-35
C02170,F,>65
C04718,F,51-65
C00328,F,51-65
C00909,F,51-65
C02564,F,>65
C02730,F,18-35
C01159,M,18-35
C03261,M,<18
C02954,M,36-50
C00332,M,<18
C04610,F,51-65
C01777,F,>65
C01861,F,18-35
C02799,F,>65
C00802,F,<18
C00624,F,<18
C00676,M,36-50
C01593,M,51-65
C04040,F,18-35
C02228,F,<18
C03714,F,51-65
C04456,M,>65
C02438,M,18-35
C00153,F,51-65
C04828,F,18-35
C00494,M,18-35
C02082,M,36-50
C02821,M,18-35
C02490,M,18-35
C00330,F,18-35
C01394,F,<18
C02497,M,<18
C00566,M,36-50
C00959,M,18-35
C00356,M,51-65
C04090,F,51-65
C03892,M,<18
C00740,F,18-35
C04335,F,36-50
C04319,M,51-65
C04722,M,36-50
C00800,M,18-35
C01636,M,18-35
C00190,M,18-35
C03440,F,51-65
C03195,M,18-35
C03746,M,51-65
C00892,F,<18
C04186,M,51-65
C03269,M,51-65
C04341,M,<18
C01335,F,<18
C03887,M,>65
C01866,F,>65
C00141,M,<18
C04519,M,>65
C01308,M,18-35
C01022,F,36-50
C04459,F,51-65
C00948,F,<18
C01258,F,36-50
C02986,M,<18
C02304,M,<18
C04990,M,18-35
C03407,F,51-65
C02823,M,51-65
C00446,F,51-65
C01694,M,36-50
C01212,F,<18
C00613,F,51-65
C02615,M,<18
C01139,F,18-35
C02982,M,36-50
C02277,F,36-50
C04437,M,<18
C02908,M,36-50
C01713,F,<18
C00665,F,36-50
C03805,M,51-65
C00682,F,18-35
C00790,M,51-65
C04285,M,36-50
C02878,F,<18
C04767,M,18-35
C04065,M,<18
C04338,F,36-50
C02161,M,51-65
C04595,F,51-65
C04452,M,36-50
C01357,F,36-50
C03704,M,36-50
C04191,F,51-65
C01725,F,18-35
C01520,F,>65
C02709,F,51-65
C01700,F,36-50
C00650,F,18-35
C00267,F,<18
C01081,M,51-65
C00486,M,51-65
C04891,F,18-35
C04466,F,36-50
C01170,M,51-65
C03518,M,51-65
C04759,F,51-65
C02027,F,51-65
C01707,M,<18
C02685,F,<18
C02631,F,<18
C01681,F,18-35
C03260,M,36-50
C04393,M,>65
C04352,M,51-65
C00872,F,>65
C03165,M,18-35
C03007,F,18-35
C00263,F,>65
C00525,F,>65
C04272,M,18-35
C01946,F,18-35
C02785,M,<18
C01374,M,18-35
C00161,M,18-35
C00688,F,36-50
C03469,F,<18
C00615,M,18-35
C03732,F,36-50
C03788,M,>65
C04787,M,18-35
C00879,F,51-65
C04025,M,<18
C01443,M,51-65
C00272,M,36-50
C01639,F,18-35
C04331,M,>65
C01908,M,<18
C04430,F,>65
C04923,M,<18
C00432,F,36-50
C01757,F,36-50
C01398,F,51-65
C00630,M,51-65
C00517,F,<18
C00430,M,51-65
C00237,M,<18
C03467,M,36-50
C01855,F,>65
C02289,M,18-35
C03181,F,>65
C01168,F,<18
C03289,M,51-65
C00962,M,<18
C01164,F,51-65
C02923,M,<18
C02447,F,51-65
C01030,F,36-50
C03434,M,<18
C02722,M,<18
C00856,F,>65
C04271,M,18-35
C04007,M,51-65
C02993,F,>65
C03175,F,51-65
C00952,F,18-35
C03065,F,18-35
C03906,F,51-65
C04946,F,18-35
C02588,F,<18
C01705,F,36-50
C02040,M,36-50
C04677,F,51-65
C00441,F,51-65
C03735,M,36-50
C01526,F,36-50
C01348,F,>65
C03975,F,<18
C04247,M,<18
C04897,M,<18
C03528,M,36-50
C00114,M,>65
C00964,M,36-50
C00255,M,>65
C02460,M,51-65
C00129,F,51-65
C02813,M,<18
C01121,F,36-50
C01084,M,>65
C00314,M,18-35
C00553,F,36-50
C01282,F,51-65
C00348,M,18-35
C02250,M,36-50
C04928,M,51-65
C00399,M,<18
C03088,M,51-65
C00929,M,>65
C03964,M,>65
C01440,M,36-50
C03642,M,>65
C00805,M,36-50
C00908,F,>65
C02757,M,36-50
C03912,M,18-35
C02418,M,<18
C04439,F,>65
C01331,F,51-65
C01936,M,18-35
C01693,F,<18
C03451,M,18-35
C03267,F,18-35
C04021,F,18-35
C01173,M,36-50
C00232,F,<18
C04300,F,51-65
C01305,F,51-65
C00539,F,>65
C04091,F,>65
C03372,F,<18
C01852,F,>65
C01232,F,36-50
C04513,M,<18
C03651,F,>65
C00954,M,36-50
C02935,M,51-65
C04970,F,>65
C03948,F,18-35
C01960,F,51-65
C00832,M,>65
C00920,M,36-50
C03421,F,>65
C03058,M,18-35
C02142,M,36-50
C02382,M,51-65
C01658,M,36-50
C00298,M,<18
C01836,M,18-35
C02612,M,>65
C02809,M,<18
C00995,F,51-65
C00163,M,<18
C00657,M,36-50
C02409,M,18-35
C03187,F,51-65
C02198,F,<18
C03004,F,36-50
C01375,M,18-35
C03205,F,<18
C02791,M,51-65
C04245,F,>65
C03370,F,18-35
C01175,M,51-65
C00227,F,>65
C00038,M,18-35
C04955,F,>65
C00212,F,<18
C01862,M,51-65
C03771,M,51-65
C00947,F,>65
C01266,M,18-35
C02412,F,>65
C03718,F,36-50
C01458,F,>65
C03264,F,51-65
C03937,M,51-65
C03817,M,>65
C04315,F,51-65
C00488,F,<18
C01486,F,36-50
C00099,F,51-65
C02842,M,36-50
C02601,M,36-50
C02369,M,18-35
C02701,F,51-65
C01006,M,18-35
C00632,M,36-50
C01685,M,>65
C00296,F,36-50
C00307,M,18-35
C00495,F,<18
C04309,F,18-35
C02353,M,51-65
C00527,F,>65
C04225,F,>65
C01605,F,>65
C02871,F,18-35
C04911,F,51-65
C02026,M,<18
C01244,F,>65
C01692,F,18-35
C03466,F,>65
C03951,F,>65
C00662,M,51-65
C03092,F,51-65
C04266,M,>65
C00216,M,36-50
C01805,M,51-65
C00071,M,<18
C00734,F,36-50
C02083,M,<18
C00593,M,>65
C01905,M,>65
C01769,M,51-65
C00037,M,<18
C04099,M,<18
C04500,F,51-65
C02162,M,>65
C01156,F,51-65
C02055,M,<18
C04401,F,18-35
C04943,F,<18
C00179,M,<18
C01409,M,36-50
C01220,F,36-50
C04825,M,36-50
C01910,F,>65
C01614,F,<18
C04114,F,36-50
C03961,F,51-65
C03825,F,18-35
C03115,M,<18
C04735,M,36-50
C03228,M,>65
C00295,M,<18
C03020,M,36-50
C00828,F,36-50
C00445,F,36-50
C04163,M,18-35
C04110,M,36-50
C02393,M,36-50
C04648,F,36-50
C02025,F,18-35
C04418,M,18-35
C02371,F,18-35
C02110,F,51-65
C02831,F,>65
C00577,M,36-50
C03762,M,36-50
C01404,M,51-65
C02566,M,>65
C04830,F,51-65
C00876,F,18-35
C00177,M,51-65
C03220,F,51-65
C03366,M,>65
C02808,M,18-35
C03250,F,51-65
C04524,F,<18
C04894,M,18-35
C01137,M,<18
C00121,M,51-65
C02607,M,18-35
C01471,M,>65
C02696,F,<18
C02028,F,51-65
C00884,F,<18
C03391,F,>65
C00026,F,18-35
C03047,M,18-35
C02648,F,51-65
C01321,M,36-50
C03925,M,>65
C02330,F,51-65
C01307,F,18-35
C03905,M,18-35
C01497,F,18-35
C01842,F,<18
C03632,F,<18
C02466,F,36-50
C00697,M,18-35
C03227,M,<18
C02422,M,51-65
C03089,F,36-50
C00936,F,>65
C03360,M,36-50
C00978,F,<18
C01751,F,18-35
C00143,F,<18
C04221,F,>65
C01304,F,36-50
C01000,F,<18
C03946,F,18-35
C04242,F,51-65
C02073,F,51-65
C04870,M,51-65
C04512,M,<18
C01556,F,>65
C02145,F,36-50
C03244,M,<18
C02464,M,18-35
C01815,F,<18
C02863,M,>65
C02865,M,18-35
C02729,F,36-50
C02677,F,<18
C03756,F,>65
C02468,M,51-65
C00300,M,<18
C00222,M,>65
C03041,M,51-65
C00224,F,18-35
C02343,F,51-65
C04717,M,>65
C02733,M,18-35
C03796,F,18-35
C04927,F,51-65
C02488,M,<18
C01141,F,36-50
C04037,M,51-65
C02213,F,<18
C04673,M,36-50
C02951,F,<18
C02617,M,18-35
C01069,M,<18
C00066,F,18-35
C01116,F,18-35
C04288,M,<18
C02303,M,18-35
C02623,F,<18
C00870,F,51-65
C03036,F,>65
C03626,F,51-65
C01372,M,>65
C01086,F,36-50
C04188,M,>65
C01875,F,36-50
C04654,F,51-65
C03562,F,51-65
C01273,F,>65
C04831,M,>65
C03504,F,51-65
C00401,M,>65
C03957,M,51-65
C01727,F,>65
C03325,F,36-50
C04160,F,51-65
C01895,M,<18
C03915,F,36-50
C01085,M,>65
C04175,F,51-65
C01128,M,36-50
C04434,M,18-35
C04211,M,>65
C00152,F,51-65
C04640,M,18-35
C03207,F,51-65
C00088,F,36-50
C00001,M,>65
C02283,F,51-65
C03875,F,18-35
C01625,M,18-35
C00334,M,<18
C02491,M,36-50
C03537,M,>65
C02496,F,51-65
C00599,F,>65
C00404,F,>65
C03229,F,51-65
C00120,F,<18
C01870,F,>65
C04893,M,36-50
C04481,M,18-35
C00807,F,51-65
C04526,F,51-65
C04256,F,36-50
C01420,F,<18
C03197,M,36-50
C02587,M,18-35
C01190,F,36-50
C03922,F,<18
C02620,M,51-65
C01146,F,>65
C04696,F,18-35
C03666,F,<18
C00400,F,36-50
C00036,M,<18
C03225,F,>65
C00017,F,<18
C04334,F,51-65
C00065,M,18-35
C02462,M,36-50
C04999,F,>65
C03885,M,36-50
C00705,M,<18
C03424,M,36-50
C01237,M,>65
C03720,M,51-65
C04325,F,>65
C02573,F,18-35
C03315,F,36-50
C00392,M,18-35
C01993,F,18-35
C04931,F,51-65
C03949,M,18-35
C00403,F,>65
C01009,F,36-50
C03474,M,36-50
C02465,M,18-35
C01094,M,<18
C00656,F,<18
C02252,M,36-50
C04775,M,18-35
C00902,M,<18
C04725,F,18-35
C01096,F,18-35
C01941,F,36-50
C04649,M,>65
C04703,M,18-35
C01242,F,18-35
C03618,F,>65
C00875,M,51-65
C00679,F,18-35
C04148,M,51-65
C03560,F,18-35
C01197,M,36-50
C03895,F,<18
C00235,F,51-65
C02781,F,36-50
C02509,F,18-35
C03624,F,51-65
C02498,F,18-35
C03310,M,<18
C01405,M,36-50
C04684,F,18-35
C04378,F,51-65
C02704,F,36-50
C00166,M,<18
C03481,F,>65
C04562,F,>65
C00714,M,36-50
C04145,M,>65
C01722,F,<18
C00550,M,18-35
C04152,F,<18
C04887,F,>65
C03273,F,18-35
C03170,M,18-35
C01999,M,>65
C01248,F,36-50
C02454,F,18-35
C04058,M,<18
C04003,F,>65
C03265,M,18-35
C04727,F,>65
C04981,M,>65
C03305,M,18-35
C01180,F,36-50
C00422,M,>65
C03727,F,51-65
C04948,M,<18
C02005,M,51-65
C00898,F,18-35
C02519,F,18-35
C00903,F,18-35
C02684,F,36-50
C00548,M,36-50
C04257,M,18-35
C03740,F,36-50
C02376,F,>65
C00889,F,<18
C00319,M,>65
C01330,F,51-65
C02141,M,36-50
C03056,M,<18
C02477,M,51-65
C02886,F,>65
C01371,M,18-35
C01489,F,<18
C03502,F,36-50
C02678,F,<18
C04086,F,<18
C02333,F,36-50
C00749,M,>65
C00996,M,<18
C02147,F,>65
C00597,M,18-35
C03614,M,18-35
C00112,F,36-50
C04394,M,>65
C02047,M,51-65
C04929,M,36-50
C02494,M,36-50
C02873,M,>65
C00075,M,51-65
C02629,M,>65
C03590,F,>65
C00481,F,<18
C03102,M,>65
C02313,M,36-50
C00506,F,51-65
C00859,F,<18
C00811,M,>65
C01899,F,36-50
C02395,F,18-35
C01032,M,51-65
C04817,M,51-65
C03441,F,<18
C04560,M,51-65
C02891,M,51-65
C00172,F,>65
C00716,M,<18
C03404,F,>65
C03978,F,18-35
C03834,F,51-65
C02253,F,36-50
C02586,M,36-50
C00335,M,<18
C02862,F,18-35
C01303,M,18-35
C00695,M,<18
C04270,F,<18
C02659,F,<18
C04164,M,18-35
C01003,F,36-50
C02455,F,51-65
C04871,M,36-50
C04664,M,18-35
C03694,F,36-50
C03076,F,>65
C04243,F,<18
C01865,M,>65
C01444,M,36-50
C02431,F,36-50
C00070,M,51-65
C01201,F,18-35
C03571,F,<18
C01888,M,>65
C03534,M,>65
C02003,M,18-35
C00587,F,51-65
C02329,M,51-65
C00979,M,51-65
C04771,F,36-50
C00701,M,18-35
C04687,F,36-50
C00076,F,51-65
C02927,M,18-35
C00341,M,51-65
C01851,F,51-65
C01363,M,>65
C02507,M,<18
C00275,M,36-50
C02294,M,36-50
C02506,M,>65
C03606,M,<18
C03860,M,51-65
C02988,M,36-50
C01012,M,51-65
C01246,F,<18
C04521,M,18-35
C01002,M,>65
C04375,M,18-35
C01431,F,18-35
C01214,M,36-50
C01336,M,>65
C03766,F,>65
C01503,M,36-50
C00582,M,36-50
C04741,F,18-35
C02713,F,36-50
C03272,M,51-65
C04701,F,>65
C04463,F,>65
C01623,F,>65
C04618,F,51-65
C01540,M,36-50
C04592,F,36-50
C04740,M,<18
C01449,F,51-65
C04912,M,>65
C04940,F,<18
C03230,F,<18
C00769,M,51-65
C01469,M,51-65
C04135,F,36-50
C03153,M,<18
C02946,F,>65
C04276,F,<18
C04383,F,51-65
C00284,M,18-35
C02972,M,>65
C04112,M,>65
C04041,F,18-35
C01991,M,51-65
C03336,F,36-50
C00387,F,51-65
C01349,M,36-50
C01102,F,51-65
C00507,M,36-50
C04715,F,36-50
C03184,F,51-65
C04318,F,<18
C01075,M,36-50
C04644,F,>65
C03313,M,<18
C02626,M,<18
C04836,M,36-50
C02124,F,<18
C01442,M,<18
C01425,F,36-50
C03687,F,18-35
C00583,F,36-50
C04659,M,18-35
C01695,M,36-50
C03940,M,<18
C02957,M,>65
C01275,M,36-50
C01750,F,<18
C02898,M,<18
C04704,F,36-50
C03435,M,<18
C03375,M,<18
C01547,M,18-35
C02830,M,>65
C04668,M,<18
C00007,F,>65
C01262,M,36-50
C01230,F,36-50
C00809,M,<18
C01927,M,36-50
C04050,M,36-50
C00133,F,18-35
C00145,F,36-50
C00671,M,36-50
C03379,F,<18
C02216,F,>65
C00474,M,<18
C04901,M,51-65
C03533,F,51-65
C03989,M,18-35
C03674,M,51-65
C03189,M,18-35
C03558,M,51-65
C02031,M,<18
C00950,F,18-35
C03982,M,<18
C00055,F,51-65
C02644,M,<18
C04011,F,<18
C00073,M,36-50
C00276,M,<18
C02269,M,51-65
C02583,M,>65
C01938,M,36-50
C02971,M,>65
C04869,M,51-65
C03132,F,>65
C00511,F,>65
C02636,F,18-35
C01234,M,<18
C03850,M,36-50
C04875,M,<18
C00733,F,51-65
C04292,M,51-65
C01053,M,51-65
C04248,F,51-65
C00789,F,<18
C04179,F,>65
C01699,M,51-65
C02960,M,<18
C00605,F,36-50
C00818,M,18-35
C01628,F,36-50
C01835,M,>65
C00207,F,36-50
C02558,F,36-50
C04154,F,>65
C04920,M,36-50
C04977,F,<18
C01745,F,<18
C04002,M,36-50
C01423,F,<18
C01653,F,36-50
C02720,F,<18
C04282,M,18-35
C01576,M,<18
C03458,F,>65
C01525,M,18-35
C00020,F,>65
C02712,M,51-65
C02512,M,51-65
C04069,M,>65
C03125,M,>65
C02883,M,>65
C01940,M,18-35
C02265,M,51-65
C02576,M,>65
C03398,M,>65
C01279,F,<18
C02516,F,51-65
C03782,F,36-50
C02574,F,36-50
C02515,F,>65
C03903,M,36-50
C04710,F,18-35
C01738,F,51-65
C04004,M,>65
C01077,M,18-35
C04190,F,36-50
C00873,M,>65
C02360,F,36-50
C00375,M,51-65
C01800,M,<18
C03288,M,51-65
C04851,M,<18
C04554,F,>65
C03136,F,>65
C00057,M,51-65
C04107,F,36-50
C01877,F,>65
C02609,F,>65
C02152,F,51-65
C02707,M,36-50
C01135,M,18-35
C02112,F,<18
C01199,F,51-65
C01119,M,<18
C02042,M,18-35
C04395,M,18-35
C03499,F,36-50
C00151,F,>65
C04863,M,18-35
C04317,M,>65
C01762,F,36-50
C04645,M,51-65
C00704,M,>65
C02316,F,36-50
C04594,M,<18
C04617,F,>65
C03331,M,51-65
C03433,M,36-50
C00542,F,<18
C04553,F,>65
C03353,F,51-65
C03335,F,36-50
C04587,M,51-65
C01259,F,>65
C04823,M,18-35
C00411,M,<18
C02600,M,>65
C02521,F,51-65
C04530,F,<18
C00806,M,18-35
C01731,F,18-35
C03783,M,>65
C02611,F,51-65
C01586,F,<18
C04220,F,<18
C01269,F,>65
C02276,F,18-35
C00087,M,>65
C04906,F,18-35
C00723,F,51-65
C02524,F,51-65
C02735,F,<18
C01274,M,18-35
C00010,F,18-35
C02924,F,36-50
C00379,F,<18
C01577,F,<18
C04236,F,51-65
C04973,F,36-50
C01972,F,18-35
C00974,F,51-65
C00483,M,51-65
C02300,M,36-50
C02540,F,<18
C01831,M,36-50
C03842,F,51-65
C03995,M,51-65
C01549,F,18-35
C02726,F,<18
C04345,M,51-65
C04332,M,36-50
C03612,F,<18
C04228,M,51-65
C01953,F,18-35
C02089,M,51-65
C04563,M,<18
C03645,F,<18
C04915,F,>65
C02413,F,>65
C04019,F,51-65
C00096,F,51-65
C04350,M,51-65
C00640,M,>65
C00588,M,>65
C02766,F,36-50
C04877,M,18-35
C02065,F,51-65
C00993,M,36-50
C02410,F,51-65
C04336,M,18-35
C00956,F,>65
C01396,F,<18
C00290,F,<18
C01251,F,18-35
C02224,M,>65
C00957,M,36-50
C03381,F,51-65
C01571,M,51-65
C03254,M,51-65
C02185,M,18-35
C03416,F,<18
C04224,M,>65
C00652,M,51-65
C04269,F,51-65
C03068,F,>65
C01188,M,36-50
C01633,F,<18
C02815,F,36-50
C04815,M,>65
C00994,M,18-35
C02536,M,>65
C04240,F,36-50
C04899,F,18-35
C02887,F,36-50
C01257,M,<18
C03093,M,36-50
C00919,M,>65
C00048,M,>65
C02262,F,51-65
C01858,M,>65
C04458,M,51-65
C00825,M,>65
C00281,M,<18
C00896,F,51-65
C04878,M,>65
C03374,M,51-65
C02346,M,>65
C02856,F,>65
C03151,F,18-35
C02058,F,51-65
C03864,M,51-65
C00253,F,36-50
C00466,M,51-65
C03943,M,>65
C01828,F,36-50
C03348,F,>65
C01288,M,51-65
C04056,M,<18
C03390,F,<18
C02192,F,<18
C01332,M,<18
C02748,F,36-50
C03324,F,36-50
C00659,M,18-35
C02407,M,18-35
C00925,F,>65
C00062,F,18-35
C01966,F,51-65
C01480,M,36-50
C04001,M,18-35
C01874,M,>65
C00415,M,>65
C04118,M,>65
C04193,F,<18
C02645,M,51-65
C04518,F,18-35
C01115,M,<18
C01049,F,<18
C03660,F,<18
C03339,M,36-50
C00243,M,18-35
C03097,F,36-50
C04620,M,36-50
C02379,F,<18
C04367,M,18-35
C01613,F,51-65
C02176,F,>65
C02604,F,36-50
C01465,F,36-50
C04681,M,<18
C04969,F,51-65
C02222,F,51-65
C00150,M,<18
C00068,F,36-50
C04260,F,>65
C01575,F,>65
C00440,F,<18
C03321,F,<18
C00485,M,18-35
C04841,M,>65
C01977,M,<18
C02694,F,36-50
C02836,M,<18
C01482,M,>65
C02435,F,36-50
C03641,M,36-50
C04819,M,51-65
C04653,F,51-65
C02553,M,51-65
C01530,F,36-50
C00510,F,18-35
C03616,F,36-50
C02732,F,18-35
C02728,F,51-65
C04832,M,>65
C03587,M,51-65
C04983,M,>65
C03410,F,<18
C03383,M,<18
C03436,F,51-65
C04416,F,18-35
C00545,M,36-50
C01914,F,18-35
C00251,M,>65
C03858,M,>65
C04968,M,<18
C02092,F,18-35
C01629,M,18-35
C03899,M,<18
C04834,M,51-65
C00164,F,>65
C01747,F,<18
C03164,F,36-50
C00922,F,51-65
C01871,M,<18
C04313,M,36-50
C02991,M,<18
C02912,F,51-65
C02046,M,51-65
C00674,M,18-35
C03630,M,<18
C04477,M,51-65
C02121,F,18-35
C00262,F,36-50
C00796,F,36-50
C02420,F,36-50
C04658,M,36-50
C03183,F,18-35
C02002,M,18-35
C02403,F,>65
C00477,M,<18
C02281,F,18-35
C02682,M,>65
C01401,M,>65
C01735,M,18-35
C00137,F,18-35
C03775,F,36-50
C04105,F,18-35
C00628,F,<18
C03999,F,36-50
C02314,M,18-35
C02499,F,>65
C00256,F,18-35
C02724,F,<18
C03200,M,51-65
C04151,F,18-35
C03848,F,51-65
C04535,F,18-35
C01339,M,<18
C04366,M,51-65
C01626,M,51-65
C01536,M,18-35
C01322,F,>65
C03539,M,>65
C04627,M,51-65
C03608,F,18-35
C01435,M,>65
C00041,F,>65
C02229,F,<18
C00056,M,36-50
C00418,F,>65
C04552,F,<18
C02189,F,<18
C02559,M,18-35
C01418,M,51-65
C03160,M,18-35
C00894,F,18-35
C00668,M,18-35
C02777,F,>65
C01193,F,>65
C02254,M,51-65
C00729,M,>65
C04385,F,<18
C02111,F,>65
C01129,M,<18
C01570,F,>65
C04638,F,<18
C04346,M,51-65
C03803,M,18-35
C01944,F,18-35
C03991,F,>65
C03340,M,>65
C03514,F,36-50
C03014,M,51-65
C01617,F,>65
C03927,M,18-35
C03541,M,18-35
C03234,M,18-35
C00747,F,<18
C03395,F,18-35
C03929,M,<18
C04321,M,>65
C04569,F,36-50
C02096,M,36-50
C03154,M,18-35
C01810,F,51-65
C01198,F,51-65
C03904,M,51-65
C02681,F,36-50
C00901,M,51-65
C02429,M,>65
C03966,M,>65
C02128,F,18-35
C00897,M,18-35
C00759,M,>65
C01483,M,<18
C03444,M,<18
C00257,F,36-50
C03060,F,18-35
C00266,F,<18
C00852,M,>65
C03403,M,>65
C00618,M,>65
C02794,M,51-65
C04407,F,>65
C01522,M,51-65
C00635,M,51-65
C04733,F,>65
C00029,F,51-65
C01798,F,>65
C02175,F,36-50
C00617,M,51-65
C01566,M,>65
C02024,F,>65
C03568,M,36-50
C03543,M,36-50
C04251,F,18-35
C03171,F,51-65
C02459,M,18-35
C03689,M,<18
C01976,M,36-50
C00377,M,36-50
C02405,M,>65
C02984,M,<18
C01437,M,18-35
C04494,F,18-35
C01598,F,36-50
C03320,F,18-35
C01424,F,18-35
C02894,F,51-65
C02947,F,51-65
C00843,M,36-50
C00845,F,18-35
C02134,M,18-35
C02338,F,<18
C00270,M,18-35
C03333,M,18-35
C00210,F,<18
C00443,M,51-65
C02182,M,18-35
C02933,F,36-50
C03565,M,36-50
C02965,M,36-50
C04084,M,36-50
C03062,M,51-65
C04237,M,51-65
C04624,M,51-65
C00911,F,>65
C00644,M,18-35
C02119,M,<18
C03649,F,36-50
C02775,M,51-65
C03508,F,>65
C01853,M,<18
C01310,M,>65
C03491,F,51-65
C04975,F,<18
C02483,F,36-50
C03314,M,18-35
C00820,F,>65
C02359,F,<18
C01666,F,36-50
C02751,M,36-50
C04327,M,51-65
C00470,M,36-50
C00472,F,51-65
C04976,M,18-35
C03998,F,<18
C01445,F,<18
C03897,M,36-50
C04907,M,<18
C01662,M,>65
C00699,M,36-50
C01904,F,<18
C04094,M,18-35
C00939,M,51-65
C02916,M,18-35
C03256,F,<18
C02016,F,<18
C04636,M,36-50
C01892,M,18-35
C00703,F,51-65
C04757,M,36-50
C00847,M,36-50
C01268,M,51-65
C01451,F,36-50
C04824,F,<18
C03079,M,>65
C03080,F,<18
C01299,F,18-35
C02493,M,<18
C04504,F,36-50
C03122,M,>65
C01384,F,36-50
C03826,F,<18
C02889,F,>65
C00799,F,<18
C04120,F,<18
C01760,F,36-50
C00744,M,36-50
C04134,F,51-65
C04833,F,<18
C04800,M,36-50
C02270,F,51-65
C03145,M,>65
C00360,F,<18
C04561,F,<18
C04777,F,<18
C02650,M,>65
C01514,M,51-65
C01759,F,>65
C04162,M,36-50
C03276,M,18-35
C02214,F,36-50
C00269,F,18-35
C04122,M,51-65
C01513,M,36-50
C01589,M,36-50
C01796,M,>65
C01920,M,18-35
C04662,M,>65
C01400,M,>65
C04198,M,>65
C01813,M,<18
C01088,F,>65
C00053,M,18-35
C03987,M,18-35
C03338,M,51-65
C04048,M,36-50
C01239,M,36-50
C01697,M,51-65
C02910,F,18-35
C04329,F,51-65
C00409,F,>65
C00292,F,>65
C00783,F,18-35
C02670,F,18-35
C02273,M,36-50
C04572,F,51-65
C02421,M,36-50
C04713,F,<18
C01496,F,<18
C01337,M,18-35
C03609,M,51-65
C00970,F,18-35
C01945,F,18-35
C03349,F,<18
C02546,F,51-65
C02804,F,>65
C00558,F,<18
C00119,F,36-50
C00752,F,<18
C01494,F,36-50
C03266,M,>65
C00535,M,>65
C00159,F,<18
C01780,F,18-35
C01461,F,>65
C03223,F,>65
C04859,M,18-35
C02539,F,18-35
C02299,M,>65
C00741,F,<18
C04000,F,36-50
C03402,F,<18
C02029,M,>65
C03351,F,51-65
C03550,M,<18
C04503,M,36-50
C03475,F,36-50
C01393,F,18-35
C03538,M,36-50
C01640,F,18-35
C00975,F,51-65
C02810,M,51-65
C00746,M,>65
C03477,M,36-50
C04478,M,>65
C04723,M,51-65
C04420,M,>65
C02425,M,>65
C00261,M,18-35
C03054,M,51-65
C00661,M,18-35
C00837,F,36-50
C04108,F,>65
C03023,F,>65
C02828,M,18-35
C02754,M,>65
C03974,M,>65
C01984,F,>65
C01533,F,36-50
C02302,M,36-50
C02032,M,36-50
C01429,M,36-50
C01459,F,51-65
C04252,F,>65
C00478,F,>65
C02660,F,36-50
C02301,F,18-35
C04635,F,<18
C03682,M,18-35
C04694,F,>65
C00842,F,51-65
C00085,M,36-50
C00033,M,18-35
C03685,M,36-50
C01238,F,18-35
C02721,F,>65
C04571,F,<18
C02171,M,<18
C01452,M,51-65
C03712,F,51-65
C02373,M,51-65
C03110,M,18-35
C03006,M,36-50
C01806,M,<18
C01038,M,51-65
C00603,M,<18
C03611,M,51-65
C01473,M,>65
C03969,M,18-35
C04197,M,18-35
C02793,F,<18
C04053,M,51-65
C02906,F,51-65
C03329,M,36-50
C01433,M,51-65
C01913,M,36-50
C02449,F,18-35
C04261,M,18-35
C03414,M,36-50
C01627,F,36-50
C00728,F,>65
C02528,M,36-50
C03524,F,<18
C04045,F,<18
C04491,F,>65
C03840,F,<18
C03043,F,>65
C01453,F,>65
C03271,M,>65
C03432,M,51-65
C00698,M,>65
C00321,F,>65
C00576,F,36-50
C02975,F,>65
C00861,M,51-65
C02625,M,>65
C04805,M,36-50
C00648,M,36-50
C01793,M,>65
C03979,F,>65
C03841,F,<18
C03199,F,>65
C03970,F,>65
C01470,M,51-65
C00382,M,36-50
C02518,M,<18
C03629,M,>65
C04467,F,36-50
C01479,M,<18
C01801,F,36-50
C02844,F,51-65
C00868,M,>65
C01839,F,>65
C03971,M,18-35
C03838,M,36-50
C03816,M,18-35
C03241,F,>65
C03671,M,<18
C00895,M,>65
C02426,M,>65
C01668,F,18-35
C02086,F,18-35
C01184,M,51-65
C01521,F,18-35
C00347,F,51-65
C02155,M,36-50
C00961,F,36-50
C03461,M,>65
C01943,F,>65
C03523,M,18-35
C02023,M,<18
C03654,M,>65
C04902,M,<18
C02184,M,18-35
C02156,M,>65
C02345,F,36-50
C02048,M,51-65
C00090,M,18-35
C03570,M,>65
C02285,M,<18
C04199,M,18-35
C02150,F,36-50
C01391,F,51-65
C01791,F,51-65
C04227,M,18-35
C00389,M,36-50
C04217,M,18-35
C03567,M,36-50
C04539,F,36-50
C04770,F,51-65
C00480,M,36-50
C04954,F,18-35
C00590,F,51-65
C02322,F,51-65
C00663,M,36-50
C03668,M,51-65
C01880,M,<18
C01820,F,51-65
C01018,M,36-50
C01774,F,51-65
C03917,M,36-50
C00396,M,36-50
C03081,F,51-65
C01462,M,36-50
C03997,F,<18
C04347,F,36-50
C04693,M,>65
C03133,F,<18
C04431,F,18-35
C02286,F,51-65
C02624,M,18-35
C03431,M,18-35
C00410,F,<18
C03185,M,>65
C04980,F,51-65
C03607,M,18-35
C01982,M,51-65
C02917,F,36-50
C00093,M,>65
C02157,F,51-65
C03914,M,>65
C00849,F,<18
C01019,F,18-35
C02943,M,<18
C03053,M,51-65
C02977,M,51-65
C03304,F,36-50
C04246,M,>65
C03357,F,18-35
C01169,M,>65
C03554,F,36-50
C01218,M,<18
C01915,M,36-50
C03169,F,36-50
C01132,F,<18
C03886,F,<18
C01574,F,>65
C04743,F,51-65
C00563,M,51-65
C03582,F,>65
C00004,M,18-35
C02291,M,18-35
C02470,F,>65
C01366,F,36-50
C00816,M,18-35
C00268,M,>65
C04374,F,51-65
C03074,M,51-65
C01356,F,51-65
C04789,M,36-50
C00645,M,51-65
C03083,F,36-50
C01029,F,<18
C03845,F,<18
C04488,F,<18
C02365,M,51-65
C01679,F,>65
C02212,F,>65
C02593,M,<18
C00238,F,<18
C03804,F,>65
C02272,M,51-65
C04294,M,36-50
C04153,M,36-50
C01285,M,18-35
C01911,F,36-50
C04772,M,36-50
C02290,M,36-50
C04229,M,>65
C04845,F,>65
C02690,F,18-35
C02235,F,36-50
C04259,M,51-65
C04768,M,51-65
C03232,M,>65
C02870,F,36-50
C02307,F,<18
C03099,F,18-35
C01123,F,>65
C01755,M,51-65
C02570,F,36-50
C02904,M,>65
C03130,F,36-50
C00247,F,<18
C02243,F,51-65
C02931,M,<18
C04344,M,>65
C02380,M,>65
C01144,F,>65
C03018,M,51-65
C01484,M,51-65
C00513,F,>65
C00006,F,>65
C02231,F,<18
C03544,F,<18
C01051,F,>65
C01860,F,36-50
C02572,M,36-50
C04721,F,51-65
C00459,F,>65
C01808,F,51-65
C03688,F,<18
C04633,F,18-35
C03960,M,>65
C04176,F,18-35
C00492,F,18-35
C03300,F,>65
C02384,F,<18
C02764,F,<18
C04540,M,>65
C00371,M,51-65
C04996,M,>65
C03480,M,51-65
C03869,F,51-65
C01386,F,>65
C04421,M,51-65
C02662,F,18-35
C00203,F,>65
C01830,F,>65
C03832,F,>65
C01328,M,36-50
C02492,M,18-35
C00885,F,18-35
C04097,M,18-35
C04143,M,51-65
C01719,M,>65
C02012,F,51-65
C04054,F,18-35
C02399,M,<18
C04028,M,51-65
C04353,F,>65
C00720,F,36-50
C01718,F,<18
C02368,M,>65
C01873,M,<18
C03639,F,51-65
C04497,M,51-65
C02628,M,>65
C03142,F,>65
C04586,M,51-65
C01690,M,<18
C01143,M,36-50
C00079,M,51-65
C04913,M,<18
C01013,F,36-50
C04362,M,>65
C04748,F,18-35
C04835,M,51-65
C03749,F,18-35
C03059,M,36-50
C01765,M,18-35
C00803,F,>65
C01181,F,<18
C03356,M,<18
C01498,M,36-50
C03107,F,<18
C02634,M,36-50
C02772,M,>65
C02915,F,18-35
C03235,F,51-65
C03854,M,<18
C01804,M,<18
C04322,M,36-50
C02534,F,<18
C03318,M,<18
C04311,F,51-65
C00878,M,18-35
C01020,F,36-50
C02538,M,18-35
C02115,M,51-65
C01968,F,<18
C00419,F,>65
C04361,M,18-35
C03955,M,51-65
C03772,M,18-35
C01564,F,18-35
C03576,M,18-35
C00139,F,<18
C01985,M,36-50
C03831,F,18-35
C03617,M,36-50
C01493,F,18-35
C00534,F,51-65
C00538,M,<18
C02007,M,36-50
C04853,M,18-35
C03449,M,36-50
C01935,F,>65
C04634,F,51-65
C04493,F,51-65
C02738,F,<18
C00646,M,>65
C02146,F,<18
C01930,F,<18
C04136,M,51-65
C01897,M,>65
C01319,F,18-35
C04793,M,36-50
C02980,M,<18
C03849,F,36-50
C00388,F,18-35
C02153,F,>65
C03282,F,<18
C03500,M,>65
C04355,M,>65
C01546,M,36-50
C04786,F,<18
C01803,M,51-65
C04303,M,>65
C00857,M,36-50
C00792,F,36-50
C04226,F,51-65
C02054,M,36-50
C00092,F,18-35
C02569,F,36-50
C00426,F,36-50
C04480,M,51-65
C03202,M,51-65
C03736,M,36-50
C01726,M,18-35
C04172,M,<18
C04125,F,36-50
C02556,F,<18
C01090,F,18-35
C04698,M,18-35
C04046,M,<18
C03442,M,<18
C04127,F,36-50
C00813,M,>65
C03454,M,36-50
C01406,M,>65
C02769,F,>65
C03690,M,51-65
C01450,F,>65
C04593,M,36-50
C01286,F,51-65
C00689,M,>65
C04358,M,<18
C00420,M,<18
C01488,M,18-35
C04042,F,36-50
C00685,M,51-65
C03900,M,>65
C04568,F,36-50
C04974,F,51-65
C01150,F,51-65
C02268,M,<18
C00594,M,51-65
C00732,F,>65
C04239,M,51-65
C01485,M,<18
C00564,M,51-65
C01504,F,<18
C02312,M,36-50
C00496,F,>65
C03592,M,<18
C04209,M,51-65
C03881,F,>65
C03484,F,<18
C00669,M,>65
C00458,M,>65
C04959,F,<18
C02962,M,18-35
C03665,F,36-50
C02561,F,>65
C01421,M,18-35
C00844,F,36-50
C00707,F,36-50
C02833,M,36-50
C02135,M,18-35
C04581,F,51-65
C00202,M,<18
C04192,M,36-50
C03245,F,<18
C02966,F,<18
C00414,F,<18
C04746,M,<18
C00543,M,18-35
C01311,F,51-65
C01979,F,>65
C03364,F,18-35
C01916,M,51-65
C04234,F,<18
C02520,F,51-65
C01677,F,<18
C02223,M,51-65
C01385,F,51-65
C00131,M,51-65
C04764,F,51-65
C01864,M,>65
C02550,F,<18
C00982,M,18-35
C03157,M,<18
C02897,F,>65
C02869,M,51-65
C00514,M,51-65
C01080,F,<18
C00850,F,18-35
C04811,M,<18
C03294,M,<18
C01467,M,36-50
C04360,F,36-50
C01477,F,>65
C00345,M,>65
C04532,F,<18
C00693,M,36-50
C04113,F,<18
C04382,M,>65
C02938,F,36-50
C04804,F,51-65
C01058,M,>65
C03693,F,>65
C02773,M,<18
C01749,M,51-65
C04208,M,>65
C04030,F,51-65
C01818,F,>65
C04013,F,18-35
C01654,F,<18
C04795,F,<18
C03594,M,36-50
C02104,M,51-65
C00834,F,51-65
C00518,F,36-50
C01717,F,<18
C03806,F,51-65
C02510,M,<18
C01205,F,51-65
C03112,F,>65
C01272,F,>65
C01114,M,51-65
C02725,F,>65
C02230,F,>65
C03835,M,<18
C03901,M,<18
C01296,M,>65
C00416,F,36-50
C00684,F,36-50
C03939,M,18-35
C00427,M,<18
C04392,F,36-50
C02531,M,<18
C02349,F,51-65
C01670,M,51-65
C02415,M,18-35
C01786,M,>65
C00766,M,>65
C01645,M,36-50
C04126,M,36-50
C02840,M,>65
C02275,F,>65
C00127,F,18-35
C04613,F,<18
C03415,F,18-35
C02879,F,18-35
C01729,M,>65
C01518,M,36-50
C01278,F,>65
C04115,F,<18
C03593,M,<18
C04810,M,<18
C00621,M,36-50
C01151,F,51-65
C03798,F,18-35
C02779,M,18-35
C04051,M,51-65
C04818,F,51-65
C01809,M,<18
C00585,F,<18
C03193,F,18-35
C03758,F,<18
C04039,F,36-50
C00230,M,18-35
C01523,F,<18
C03753,M,18-35
C02113,M,51-65
C04062,M,>65
C02555,F,>65
C00499,M,51-65
C01594,F,18-35
C03341,F,18-35
C03748,M,>65
C03552,M,51-65
C00853,M,<18
C04402,M,51-65
C04574,M,>65
C01021,M,>65
C02552,M,51-65
C03224,F,>65
C02039,F,18-35
C01126,M,36-50
C03829,M,36-50
C02374,F,>65
C04297,M,<18
C03581,M,36-50
C02834,M,51-65
C04472,F,51-65
C01145,F,36-50
C04057,F,<18
C00696,M,<18
C01551,F,>65
C03472,M,36-50
C03613,F,>65
C01934,F,36-50
C03516,F,>65
C01995,M,36-50
C01974,M,>65
C01696,F,18-35
C02337,F,<18
C01994,F,>65
C01066,M,18-35
C02543,F,<18
C01997,M,>65
C00508,M,<18
C02953,F,36-50
C03868,F,36-50
C03643,F,18-35
C02241,M,<18
C03253,M,18-35
C02652,F,<18
C02739,F,18-35
C04769,M,<18
C03063,M,>65
C03242,F,>65
C03452,M,>65
C03622,F,51-65
C00937,F,>65
C03867,M,<18
C03757,F,36-50
C00763,M,51-65
C01781,F,<18
C04670,M,<18
C03021,M,18-35
C04761,M,51-65
C03726,F,>65
C01748,M,51-65
C01621,M,<18
C00069,M,51-65
C01324,F,<18
C02087,M,18-35
C02085,M,51-65
C02406,F,51-65
C03924,F,18-35
C02335,F,36-50
C00118,M,18-35
C00453,M,18-35
C03797,F,51-65
C04685,M,<18
C00739,M,18-35
C00187,F,<18
C01059,M,18-35
C03768,F,51-65
C02575,F,18-35
C00612,F,>65
C02255,F,18-35
C03985,M,18-35
C00035,M,51-65
C00981,M,>65
C00226,M,36-50
C03599,F,51-65
C00651,F,51-65
C04250,M,51-65
C04732,M,51-65
C01579,F,<18
C04655,M,>65
C04423,F,>65
C01250,M,51-65
C02102,M,51-65
C01812,M,51-65
C02052,F,36-50
C02118,F,>65
C02500,M,18-35
C00450,F,<18
C04856,M,51-65
C03369,M,>65
C04934,M,51-65
C00579,M,18-35
C01112,M,18-35
C01947,M,>65
C04867,F,36-50
C04201,M,36-50
C03180,F,>65
C00839,F,18-35
C04064,F,18-35
C04387,F,36-50
C02297,M,18-35
C02441,M,>65
C02679,M,36-50
C02859,F,<18
C01843,M,18-35
C01468,F,<18
C00967,M,36-50
C01073,M,<18
C03738,M,36-50
C00710,F,>65
C01113,F,>65
C02419,F,36-50
C03203,F,>65
C04529,M,<18
C03029,F,51-65
C00097,F,36-50
C00551,F,51-65
C04116,M,>65
C01856,M,36-50
C02088,M,51-65
C01741,M,36-50
C01284,M,51-65
C01071,F,<18
C03976,F,>65
C04158,F,51-65
C04181,M,<18
C03215,M,18-35
C03473,M,<18
C04647,F,36-50
C01882,M,18-35
C01651,F,18-35
C01619,M,>65
C00040,F,51-65
C02400,F,51-65
C00447,M,>65
C03206,F,>65
C03024,M,51-65
C01179,M,36-50
C02070,F,51-65
C00942,M,51-65
C00867,F,36-50
C02974,F,51-65
C03953,M,51-65
C02453,M,51-65
C03408,F,18-35
C04182,M,>65
C04333,M,51-65
C03086,M,>65
C03819,M,18-35
C04273,F,<18
C01460,M,36-50
C01597,F,51-65
C00923,F,<18
C01689,M,18-35
C00812,F,18-35
C03509,M,51-65
C04499,M,>65
C02806,F,18-35
C00610,M,51-65
C01894,M,<18
C01382,M,<18
C00608,F,18-35
C04543,M,18-35
C00245,F,18-35
C02680,F,51-65
C02215,F,>65
C00972,M,>65
C04651,F,18-35
C00101,M,<18
C02838,F,>65
C03001,M,51-65
C02207,F,<18
C02990,M,36-50
C00027,F,>65
C03894,F,51-65
C00933,M,51-65
C04016,F,51-65
C01632,M,>65
C00626,M,>65
C02899,M,>65
C01739,M,51-65
C02907,F,>65
C03815,M,36-50
C02590,F,36-50
C02414,M,>65
C04880,M,36-50
C01778,F,>65
C01665,M,36-50
C02727,F,36-50
C00992,F,<18
C04584,M,>65
C01334,M,<18
C02896,F,18-35
C04961,M,>65
C03828,M,51-65
C03317,F,<18
C01893,M,18-35
C02661,M,<18
C03330,M,>65
C03874,M,36-50
C04020,F,51-65
C01347,F,<18
C04546,M,<18
C01171,M,>65
C01490,F,>65
C01297,F,18-35
C01998,M,>65
C00944,M,18-35
C03764,F,36-50
C04082,M,18-35
C02295,F,51-65
C03376,F,36-50
C02847,M,18-35
C01202,M,36-50
C02037,F,<18
C04827,M,18-35
C03684,F,36-50
C04080,F,>65
C04784,F,<18
C00125,M,36-50
C00181,M,51-65
C01964,M,18-35
C02358,M,<18
C03236,F,18-35
C03188,F,36-50
C00737,M,51-65
C03406,F,18-35
C00949,F,36-50
C04791,M,>65
C04129,F,18-35
C04404,M,<18
C01723,M,51-65
C00717,F,>65
C04749,F,51-65
C02619,F,>65
C02021,F,36-50
C01233,F,36-50
C00673,F,>65
C01245,F,36-50
C04106,M,18-35
C02692,M,51-65
C02747,F,18-35
C01267,M,36-50
C01350,F,51-65
C04729,F,51-65
C00312,M,51-65
C03754,F,36-50
C04093,M,36-50
C02646,M,18-35
C00960,M,<18
C02221,M,>65
C01647,F,18-35
C03814,M,51-65
C00304,F,51-65
C04576,F,36-50
C04508,F,18-35
C01343,M,18-35
C00223,F,18-35
C00497,M,18-35
C03658,M,36-50
C01896,M,18-35
C02651,M,36-50
C00122,F,51-65
C01082,M,>65
C00987,M,18-35
C03928,M,>65
C04214,M,>65
C01338,M,18-35
C04762,M,36-50
C02067,F,18-35
C04580,M,>65
C04971,F,51-65
C03037,M,18-35
C02060,F,51-65
C04267,M,18-35
C01210,F,18-35
C04972,M,18-35
C03485,F,36-50
C01924,F,18-35
C01052,M,>65
C04939,F,<18
C02292,F,>65
C03601,M,>65
C00680,M,36-50
C00999,M,>65
C00601,M,18-35
C00786,F,<18
C00905,F,<18
C00191,M,18-35
C04557,F,18-35
C01457,M,<18
C03505,M,18-35
C03574,F,36-50
C04206,M,>65
C00571,M,>65
C04565,F,>65
C03101,F,18-35
C02489,F,18-35
C01706,F,36-50
C04079,F,18-35
C03457,F,18-35
C02144,F,>65
C04641,F,18-35
C02942,M,51-65
C02411,M,18-35
C01196,F,<18
C01369,M,36-50
C03824,M,51-65
C01491,M,51-65
C00711,F,>65
C02467,M,51-65
C01704,F,36-50
C02022,M,51-65
C03913,F,36-50
C01708,F,>65
C04583,M,51-65
C02522,F,<18
C02068,F,<18
C03487,F,18-35
C01981,F,51-65
C00171,F,<18
C00966,M,18-35
C00921,F,51-65
C04799,M,>65
C02197,M,<18
C00157,M,51-65
C04207,F,36-50
C04479,F,51-65
C04377,F,36-50
C00113,M,<18
C01961,F,36-50
C03279,F,51-65
C03911,F,51-65
C02591,M,36-50
C02485,F,<18
C03411,M,18-35
C04951,M,>65
C01432,M,18-35
C04487,F,51-65
C00188,F,<18
C00366,M,51-65
C04422,F,18-35
C02044,M,18-35
C00531,F,36-50
C02687,F,18-35
C01133,F,51-65
C01046,F,51-65
C04205,F,36-50
C04414,M,36-50
C00830,M,36-50
C02881,M,51-65
C01333,M,36-50
C00743,F,18-35
C01373,M,36-50
C01376,F,51-65
C01103,M,36-50
C03121,M,>65
C04632,M,36-50
C01596,F,36-50
C01587,F,36-50
C03719,M,<18
C02476,M,18-35
C01646,M,51-65
C03586,M,>65
C03781,F,36-50
C01231,M,36-50
C04881,M,<18
C04386,M,51-65
C02446,M,36-50
C03445,M,<18
C00581,M,>65
C04905,F,18-35
C03397,M,51-65
C01524,F,18-35
C00317,M,>65
C00546,F,51-65
C01929,M,<18
C02120,M,18-35
C01743,F,18-35
C03844,F,18-35
C04591,F,<18
C02367,F,36-50
C04408,M,>65
C03332,M,36-50
C01200,M,18-35
C03631,M,18-35
C03872,M,<18
C00258,F,18-35
C04178,F,36-50
C01508,M,>65
C03883,M,>65
C02845,M,>65
C03322,M,36-50
C00302,M,<18
C04410,M,36-50
C01037,F,18-35
C01280,F,<18
C00928,M,<18
C02622,M,<18
C02802,F,>65
C00658,F,<18
C04967,M,<18
C00791,M,>65
C01963,M,36-50
C03257,F,36-50
C03437,F,<18
C01730,F,36-50
C03813,M,51-65
C02504,F,36-50
C03610,F,36-50
C00569,M,>65
C03836,M,>65
C02288,F,51-65
C01680,M,51-65
C00018,F,<18
C03931,M,36-50
C04253,M,<18
C00631,M,<18
C04914,F,<18
C02699,M,>65
C03820,M,18-35
C03420,F,>65
C00988,F,>65
C00881,F,18-35
C00625,M,36-50
C02240,F,51-65
C02129,F,18-35
C01383,M,36-50
C00014,F,<18
C01737,M,>65
C03262,M,>65
C02344,M,36-50
C02752,M,51-65
C00167,M,51-65
C03810,M,51-65
C01609,M,18-35
C01811,F,>65
C01775,F,>65
C00005,M,36-50
C01615,F,51-65
C02043,M,36-50
C02437,M,18-35
C02244,F,51-65
C02765,M,51-65
C03066,M,18-35
C04926,F,>65
C00046,F,51-65
C03490,M,>65
C03812,F,>65
C00362,F,36-50
C03954,F,18-35
C03517,M,51-65
C01410,F,>65
C04623,F,>65
C00971,M,<18
C02849,M,>65
C04728,F,<18
C01422,M,18-35
C00686,F,36-50
C00289,F,36-50
C03363,F,<18
C01329,M,>65
C00592,M,51-65
C03082,F,18-35
C02505,M,>65
C02599,M,36-50
C01411,F,<18
C03382,M,18-35
C00116,M,51-65
C00265,F,18-35
C00384,F,36-50
C02366,F,18-35
C00953,F,<18
C03231,F,18-35
C04621,M,51-65
C00476,M,18-35
C01309,M,36-50
C04268,M,51-65
C03358,M,51-65
C00444,F,51-65
C01117,M,18-35
C00051,F,36-50
C03022,M,>65
C03699,F,51-65
C00574,M,51-65
C02066,F,18-35
C00977,F,36-50
C01983,M,>65
C01243,M,<18
C00201,M,18-35
C02397,M,<18
C01562,M,36-50
C02532,M,<18
C03808,M,18-35
C04280,M,36-50
C04033,F,>65
C04216,F,51-65
C01078,M,18-35
C04876,M,>65
C04790,M,18-35
C01876,M,>65
C04171,M,<18
C01050,F,<18
C02549,F,18-35
C00023,M,>65
C04291,F,36-50
C01360,F,36-50
C00155,F,<18
C00750,F,<18
C03295,M,18-35
C02900,F,36-50
C01215,M,51-65
C00706,F,>65
C04783,M,>65
C01732,M,51-65
C00169,F,<18
C03258,M,18-35
C02049,F,>65
C02034,M,51-65
C03044,M,>65
C02166,F,>65
C01655,F,<18
C00667,M,>65
C03673,F,>65
C00325,F,<18
C03394,M,36-50
C01848,M,51-65
C01216,M,>65
C01140,F,51-65
C02864,M,18-35
C03286,F,<18
C01641,F,>65
C02706,M,<18
C03830,F,<18
C04925,M,36-50
C02190,M,>65
C01847,F,51-65
C02642,F,36-50
C03178,F,>65
C00349,F,>65
C01569,F,<18
C04264,F,<18
C00586,M,51-65
C00060,M,51-65
C01100,M,51-65
C01657,M,51-65
C01585,M,36-50
C02090,M,>65
C02941,F,18-35
C01283,F,>65
C00100,F,>65
C04443,M,36-50
C03692,M,51-65
C00951,M,>65
C02480,M,51-65
C02868,M,36-50
C04123,F,36-50
C02057,M,>65
C01079,F,18-35
C04029,M,>65
C01511,M,<18
C01752,M,<18
C01166,F,<18
C04744,M,<18
C01840,F,<18
C02903,F,18-35
C00840,F,51-65
C00694,M,51-65
C01965,M,>65
C00329,F,18-35
C00130,F,18-35
C02846,F,>65
C04161,F,<18
C02837,M,36-50
C02675,F,36-50
C01448,M,51-65
C00712,F,<18
C00174,F,18-35
C02443,M,>65
C04739,F,18-35
C04536,M,<18
C04808,F,36-50
C04542,F,<18
C04133,M,>65
C02309,M,36-50
C04549,F,36-50
C01622,F,51-65
C04709,M,51-65
C02433,F,18-35
C01317,F,36-50
C04342,F,18-35
C03198,M,>65
C04128,M,>65
C03371,F,36-50
C02036,M,18-35
C03143,F,51-65
C01229,M,36-50
C04075,M,<18
C02305,M,<18
C00219,F,51-65
C00105,F,18-35
C03647,F,51-65
C02851,F,<18
C03741,F,51-65
C01264,M,>65
C03455,M,18-35
C04380,F,51-65
C01515,M,18-35
C04707,M,18-35
C01430,F,>65
C02013,M,<18
C03032,M,18-35
C02702,F,<18
C04328,F,51-65
C03973,M,36-50
C02776,M,<18
C00516,F,>65
C04441,M,>65
C03663,F,51-65
C04956,M,18-35
C04324,F,51-65
C00461,F,51-65
C00965,M,51-65
C02325,F,>65
C04505,F,51-65
C03148,F,51-65
C00653,F,<18
C01802,M,>65
C01784,M,<18
C02952,M,18-35
C03902,F,>65
C00198,F,>65
C03555,M,>65
C02797,F,18-35
C00248,F,36-50
C01318,F,>65
C01415,F,<18
C04326,M,51-65
C04765,F,51-65
C02416,M,51-65
C00205,F,36-50
C04043,F,<18
C00552,M,51-65
C04501,M,36-50
C01581,F,>65
C03233,F,<18
C03011,F,18-35
C00252,M,<18
C02372,M,36-50
C04017,F,51-65
C01996,M,18-35
C00182,F,51-65
C04660,F,<18
C01724,F,>65
C04009,M,>65
C01249,F,51-65
C02237,M,18-35
C04756,F,18-35
C02638,F,>65
C04991,F,>65
C03938,M,51-65
C02130,F,36-50
C01955,M,18-35
C01122,M,51-65
C04184,F,>65
C00283,F,51-65
C03303,M,18-35
C04159,M,<18
C04637,F,51-65
C03105,M,>65
C04933,F,<18
C00851,M,36-50
C03361,M,18-35
C00148,F,18-35
C00754,M,>65
C02676,F,<18
C02076,M,36-50
C01064,F,51-65
C02381,F,18-35
C02149,M,18-35
C03249,M,18-35
C03158,M,>65
C04396,F,36-50
C00926,M,36-50
C02770,M,36-50
C01183,M,>65
C04850,M,>65
C01624,M,18-35
C00364,F,51-65
C01087,M,<18
C03084,M,36-50
C04330,F,<18
C03965,M,51-65
C00309,M,18-35
C00273,F,18-35
C03426,M,>65
C04989,F,18-35
C01859,M,18-35
C00498,F,18-35
C03342,F,<18
C03344,F,>65
C03386,F,18-35
C00200,F,18-35
C00030,M,36-50
C04101,F,<18
C04320,F,<18
C00431,F,<18
C00197,F,<18
C00924,M,36-50
C04904,F,18-35
C03648,F,36-50
C04092,M,<18
C01341,F,51-65
C01902,M,<18
C04924,F,18-35
C01387,F,36-50
C01606,F,>65
C01010,M,51-65
C04797,F,>65
C03174,F,18-35
C00533,M,18-35
C02481,M,18-35
C04262,M,51-65
C03192,M,51-65
C03465,M,<18
C02792,M,36-50
C00570,M,51-65
C02167,M,>65
C04679,F,18-35
C04047,F,18-35
C01744,F,51-65
C03638,F,51-65
C03664,M,51-65
C04121,F,51-65
C00914,F,<18
C01754,F,18-35
C01714,F,>65
C00128,M,51-65
C03625,M,>65
C00452,F,51-65
C00084,F,>65
C01412,M,51-65
C04157,M,18-35
C01466,F,18-35
C01923,F,18-35
C04663,M,<18
C01568,F,51-65
C00708,M,36-50
C04059,F,51-65
C04279,M,36-50
C00810,F,>65
C02310,F,18-35
C03470,F,51-65
C00835,F,>65
C01819,F,>65
C04773,F,18-35
C03176,F,51-65
C00417,M,36-50
C02177,F,>65
C02378,F,>65
C03191,F,18-35
C04947,M,>65
C02319,F,36-50
C03031,M,>65
C02635,F,51-65
C03027,F,36-50
C00123,M,>65
C01846,F,36-50
C01186,M,<18
C00455,M,>65
C04807,M,36-50
C04755,M,<18
C01783,M,<18
C02839,F,18-35
C00013,M,>65
C03222,M,>65
C02921,M,18-35
C03548,F,<18
C02824,M,18-35
C03069,M,51-65
C04370,M,<18
C03822,F,<18
C00285,F,<18
C03428,F,>65
C03168,M,51-65
C01742,F,18-35
C03345,F,18-35
C04531,F,<18
C02009,F,18-35
C00709,M,36-50
C04582,M,18-35
C01789,F,51-65
C03270,F,<18
C02857,M,51-65
C00059,F,<18
C01041,M,<18
C03621,F,<18
C00103,F,<18
C01531,M,36-50
C01174,F,<18
C01120,M,>65
C02855,M,18-35
C01099,M,>65
C00451,F,51-65
C01890,F,36-50
C00804,M,18-35
C02674,F,18-35
C04545,M,51-65
C01931,F,36-50
C00064,F,<18
C01833,M,<18
C02125,M,36-50
C02597,F,51-65
C01407,F,<18
C04144,M,<18
C00195,M,18-35
C02218,M,51-65
C01933,F,<18
C03290,M,18-35
C01441,F,51-65
C03354,F,51-65
C04714,M,51-65
C01327,M,51-65
C00241,M,>65
C01204,M,>65
C00788,M,36-50
C04195,F,51-65
C02386,M,<18
C00025,M,18-35
C04308,F,36-50
C03799,F,18-35
C00074,F,51-65
C03526,F,36-50
C03604,M,36-50
C04460,M,18-35
C04196,F,<18
C04006,M,36-50
C00306,M,51-65
C01055,M,18-35
C00598,M,>65
C02209,M,<18
C00726,M,<18
C04031,M,18-35
C01131,F,>65
C00391,M,>65
C03291,F,36-50
C03464,F,>65
C00437,F,>65
C04760,M,18-35
C02608,F,>65
C04745,F,51-65
C04180,M,<18
C01766,F,51-65
C02872,M,36-50
C04281,M,>65
C04682,F,18-35
C03039,M,51-65
C03959,F,51-65
C04916,F,<18
C04719,M,18-35
C00149,M,>65
C02324,M,51-65
C03182,M,18-35
C03717,M,51-65
C02123,F,36-50
C00274,F,51-65
C03686,M,18-35
C00915,F,51-65
C04426,M,18-35
C03350,M,36-50
C03460,F,<18
C00463,M,18-35
C01447,M,<18
C00280,M,36-50
C02041,F,>65
C00240,F,>65
C04277,F,>65
C04066,F,>65
C00117,M,<18
C02560,F,36-50
C00050,F,>65
C04295,F,<18
C02585,M,51-65
C02186,F,>65
C03246,M,>65
C03494,F,18-35
C03907,F,36-50
C00395,M,18-35
C01555,F,18-35
C04409,F,51-65
C00380,F,<18
C01505,M,36-50
C02257,F,>65
C00165,F,18-35
C03100,F,36-50
C01788,F,36-50
C02486,M,>65
C01025,M,36-50
C04874,M,51-65
C02203,F,36-50
C01608,M,36-50
C03137,M,>65
C02385,F,<18
C02618,F,36-50
C03657,F,36-50
C00718,M,36-50
C02956,M,36-50
C00043,M,<18
C00134,M,51-65
C01854,F,18-35
C04369,M,36-50
C00629,F,36-50
C03146,F,>65
C01561,F,<18
C01346,M,18-35
C04692,M,>65
C03204,F,18-35
C03463,M,18-35
C01095,M,36-50
C03124,M,18-35
C03373,F,36-50
C04575,F,18-35
C00913,M,18-35
C01939,M,51-65
C04609,M,51-65
C01516,M,18-35
C03071,F,51-65
C04446,F,51-65
C01918,M,>65
C00215,F,36-50
C02242,F,18-35
C03352,F,18-35
C02719,F,36-50
C02613,F,<18
C01900,M,51-65
C00278,F,<18
C04604,F,18-35
C00793,F,18-35
C02452,F,>65
C03430,F,<18
C02308,F,51-65
C01590,F,51-65
C03274,F,18-35
C03941,M,36-50
C01656,M,36-50
C00943,F,>65
C01208,F,18-35
C02788,F,18-35
C02172,M,>65
C00836,F,>65
C02905,M,<18
C04855,M,18-35
C04323,M,36-50
C02525,F,51-65
C04615,M,>65
C03876,M,36-50
C01607,F,36-50
C02581,M,51-65
C04425,F,36-50
C01352,M,18-35
C00490,F,18-35
C02000,F,<18
C01225,M,<18
C00784,F,18-35
C02861,F,>65
C01956,F,18-35
C01967,F,36-50
C04365,F,51-65
C03595,M,>65
C04601,F,<18
C01942,M,18-35
C04109,M,36-50
C02571,F,51-65
C00560,M,18-35
C02978,F,51-65
C01618,M,>65
C00906,F,51-65
C02122,M,18-35
C03052,F,36-50
C03793,M,18-35
C02919,M,36-50
C04883,M,36-50
C01970,F,18-35
C01761,M,51-65
C03337,F,36-50
C04628,F,51-65
C02805,F,<18
C03172,M,18-35
C01592,M,51-65
C03779,F,<18
C00900,M,>65
C02154,F,<18
C00561,F,36-50
C01061,M,<18
C04014,M,18-35
C00916,M,51-65
C01361,M,>65
C03327,F,<18
C01675,F,36-50
C02985,F,36-50
C03677,F,<18
C02311,F,<18
C00591,F,>65
C00147,F,<18
C00021,M,51-65
C02436,M,<18
C04476,F,18-35
C04556,M,36-50
C01688,M,51-65
C00320,F,18-35
C00305,F,18-35
C00028,F,18-35
C04283,F,<18
C02011,M,18-35
C01612,F,36-50
C02361,F,<18
C03811,F,>65
C03281,M,18-35
C02829,M,<18
C04886,F,<18
C01954,F,36-50
C01434,F,36-50
C02795,F,51-65
C01270,M,>65
C04960,M,>65
C02484,M,18-35
C03128,M,51-65
C01287,F,51-65
C04433,M,36-50
C03705,F,18-35
C01772,F,18-35
C02584,M,51-65
C02226,F,<18
C02217,M,18-35
C03981,M,36-50
C04167,M,<18
C00082,F,18-35
C00176,F,>65
C03628,F,51-65
C02592,F,36-50
C03553,F,36-50
C02742,F,<18
C00242,F,18-35
C01403,F,51-65
C03656,F,51-65
C03661,F,<18
C04986,F,<18
C04356,M,<18
C03933,F,<18
C01413,F,51-65
C02261,M,<18
C04533,M,36-50
C04147,M,<18
C03992,F,<18
C03988,F,51-65
C00184,F,18-35
C00078,F,>65
C02803,F,>65
C04055,F,>65
C00374,M,>65
C03064,F,36-50
C00627,F,36-50
C02811,F,<18
C04026,M,18-35
C02328,M,>65
C04993,M,>65
C01213,M,36-50
C01850,M,18-35
C03765,M,51-65
C00058,M,>65
C01446,F,18-35
C01089,M,>65
C01312,M,51-65
C01136,F,18-35
C02383,M,18-35
C01631,M,>65
C01832,F,36-50
C00738,F,51-65
C00990,M,36-50
C01023,F,36-50
C03655,F,18-35
C03680,M,36-50
C02621,M,>65
C04712,F,36-50
C00063,M,<18
C04475,M,<18
C01224,F,18-35
C01826,M,18-35
C00864,F,18-35
C03602,F,18-35
C04846,M,<18
C00158,F,36-50
C04357,M,<18
C02331,F,<18
C03091,F,51-65
C04766,F,36-50
C02580,M,<18
C02417,F,51-65
C02665,M,51-65
C03326,M,>65
C00323,M,18-35
C04165,M,51-65
C01209,F,18-35
C03396,M,51-65
C02565,M,36-50
C03493,F,51-65
C04750,F,18-35
C04496,F,51-65
C02079,F,18-35
C03731,M,36-50
C04073,F,>65
C04399,F,<18
C02078,M,<18
C01545,M,51-65
C03078,M,36-50
C02187,F,>65
C03737,F,51-65
C03152,F,18-35
C03015,F,<18
C00170,F,<18
C00435,F,51-65
C00918,M,>65
C01016,M,18-35
C02363,M,<18
C01281,M,>65
C02072,M,<18
C04922,F,18-35
C02630,F,<18
C00449,M,18-35
C00778,M,36-50
C02606,F,<18
C03094,F,51-65
C01989,F,<18
C03448,F,>65
C04726,M,<18
C04523,M,51-65
C00072,F,18-35
C03777,F,<18
C03149,M,<18
C02030,F,51-65
C04254,F,36-50
C04944,M,<18
C00519,M,36-50
C00034,M,<18
C00260,F,18-35
C02639,F,>65
C04585,M,>65
C01683,M,>65
C03701,F,<18
C04138,F,18-35
C00489,M,<18
C04848,F,18-35
C03471,M,51-65
C02472,M,51-65
C02225,M,18-35
C00196,M,>65
C04942,M,18-35
C01342,M,18-35
C02743,F,36-50
C03119,M,18-35
C04038,M,<18
C03118,F,>65
C03120,M,<18
C00670,M,51-65
C01969,F,>65
C04614,M,18-35
C01271,M,>65
C03527,F,>65
C00891,F,36-50
C03559,F,36-50
C00997,F,>65
C02663,M,18-35
C00344,M,51-65
C04274,M,>65
C02206,F,51-65
C00094,F,18-35
C01148,M,18-35
C00817,F,36-50
C03134,F,>65
C03446,M,18-35
C03013,F,36-50
C02232,F,>65
C03208,F,18-35
C04843,M,36-50
C04812,F,18-35
C02238,M,18-35
C02535,M,36-50
C02884,F,18-35
C03387,F,>65
C03711,M,51-65
C00142,F,51-65
C03507,F,36-50
C03218,F,18-35
C01008,F,18-35
C02478,M,36-50
C04672,M,36-50
C03319,F,36-50
C02718,F,<18
C02746,F,>65
C01092,F,51-65
C02557,M,>65
C04578,F,36-50
C02876,F,51-65
C02780,F,51-65
C03856,M,18-35
C02249,F,51-65
C04464,F,51-65
C03388,M,18-35
C01261,F,51-65
C02669,M,18-35
C03400,F,<18
C02551,F,18-35
C02131,M,18-35
C02997,M,18-35
C01736,F,>65
C00168,F,51-65
C03422,M,18-35
C00753,F,36-50
C04435,M,18-35
C04453,F,<18
C04314,F,>65
C04600,M,51-65
C00520,M,>65
C03770,F,>65
C02874,M,51-65
C00756,F,>65
C04449,F,51-65
C02351,F,36-50
C03623,F,18-35
C00045,M,36-50
C02196,F,51-65
C03259,F,18-35
C04646,M,36-50
C04661,F,<18
C01294,M,36-50
C04952,M,51-65
C03908,F,<18
C01390,M,18-35
C03417,M,>65
C04527,M,<18
C03742,F,18-35
C03733,M,18-35
C01325,F,<18
C02530,F,51-65
C01702,F,51-65
C03510,F,36-50
C01630,M,18-35
C03150,F,36-50
C00589,M,51-65
C02280,F,18-35
C01917,M,<18
C02202,F,>65
C03211,F,36-50
C04306,M,51-65
C04965,M,18-35
C03575,F,51-65
C02473,M,>65
C02961,F,18-35
C04299,F,51-65
C02051,M,18-35
C04077,F,51-65
C01534,F,36-50
C02596,F,36-50
C00448,M,18-35
C00572,F,>65
C01256,M,36-50
C00761,M,<18
C03603,M,36-50
C04304,M,51-65
C02211,M,51-65
C01247,F,>65
C04792,F,>65
C04978,F,36-50
C02657,M,>65
C04806,F,>65
C04919,M,36-50
C04049,M,36-50
C01426,M,51-65
C03791,F,>65
C04018,M,18-35
C03598,M,18-35
C02205,F,>65
C01015,M,51-65
C01610,M,18-35
C00973,F,51-65
C01687,M,18-35
C00991,M,36-50
C02256,F,<18
C00135,F,<18
C04697,F,>65
C03163,M,<18
C00386,M,36-50
C04074,M,36-50
C03963,F,18-35
C02605,F,18-35
C03751,M,36-50
C04415,M,<18
C01241,M,>65
C02963,M,51-65
C02711,F,18-35
C02108,M,18-35
C03196,F,18-35
C01682,F,36-50
C02340,F,<18
C04231,M,51-65
C01167,M,<18
C03138,F,<18
C02822,M,36-50
C04400,F,51-65
C03412,F,51-65
C04958,F,18-35
C02219,M,>65
C01300,F,>65
C04900,M,<18
C00397,F,<18
C01992,F,51-65
C04389,F,>65
C02841,F,18-35
C00855,F,<18
C02278,M,51-65
C04076,F,<18
C03579,F,36-50
C01925,M,>65
C00313,M,36-50
C00554,F,36-50
C03087,M,>65
C00464,F,>65
C00462,M,>65
C03823,M,18-35
C04966,M,36-50
C02195,M,<18
C00675,F,>65
C03129,M,51-65
C02165,F,18-35
C00297,F,18-35
C03413,M,36-50
C02375,M,36-50
C00578,F,51-65
C01565,F,51-65
C03566,F,18-35
C03055,M,18-35
C00549,F,18-35
C03650,F,51-65
C00595,F,<18
C00666,F,51-65
C04608,F,18-35
C03968,M,36-50
C01381,M,36-50
C03447,F,<18
C01817,M,<18
C04419,F,18-35
C00091,F,36-50
C02994,M,51-65
C04730,M,36-50
C02107,M,18-35
C00536,M,18-35
C02827,M,>65
C04290,F,36-50
C04910,M,18-35
C00140,F,<18
C00491,M,<18
C02913,F,<18
C01987,F,51-65
C00780,M,36-50
C00487,F,18-35
C03851,M,51-65
C02138,F,>65
C04566,M,>65
C03405,M,51-65
C03519,M,18-35
C02695,M,>65
C00353,F,51-65
C01652,F,<18
C04417,M,36-50
C03597,F,36-50
C00611,M,51-65
C03633,F,<18
C03888,M,<18
C01544,M,>65
C04506,M,<18
C02475,M,18-35
C01673,M,51-65
C02139,F,36-50
C01660,F,<18
C03511,F,36-50
C04813,M,36-50
C04275,M,<18
C04577,F,18-35
C01057,F,<18
C02352,F,<18
C02523,F,<18
C02450,F,36-50
C02693,M,51-65
C03296,M,18-35
C00776,F,36-50
C04140,F,>65
C04680,F,18-35
C04888,F,18-35
C00218,M,<18
C03898,F,<18
C03702,M,>65
C03755,F,>65
C00544,M,<18
C03730,F,18-35
C02474,M,51-65
C01118,F,18-35
C04691,F,>65
C03462,M,36-50
C02423,F,51-65
C01957,M,51-65
C01841,F,51-65
C00336,M,>65
C03427,F,<18
C04085,M,36-50
C01253,M,36-50
C03857,F,<18
C01932,F,>65
C04469,F,18-35
C01255,M,51-65
C04177,F,51-65
C03028,F,36-50
C01891,M,18-35
C01952,M,<18
C01684,M,18-35
C00244,M,<18
C01559,M,36-50
C04603,M,51-65
C03879,M,<18
C02926,F,51-65
C01298,F,<18
C01187,M,51-65
C00866,F,<18
C04235,F,>65
C01814,M,36-50
C04087,F,<18
C03821,F,51-65
C04200,M,36-50
C02562,M,18-35
C02389,M,36-50
C01912,M,51-65
C01849,M,<18
C00854,M,36-50
C02394,M,18-35
C01878,M,51-65
C02514,F,36-50
C00246,F,51-65
C03577,M,<18
C01867,F,>65
C03497,M,18-35
C00529,F,>65
C00633,M,>65
C02471,F,<18
C04964,M,18-35
C04936,F,<18
C01316,F,>65
C03488,F,<18
C04538,F,<18
C04384,F,>65
C03377,M,>65
C04502,M,18-35
C00660,F,>65
C04751,F,<18
C00032,F,36-50
C04522,F,51-65
C02178,M,<18
C04785,F,<18
C03045,F,51-65
C03049,F,>65
C02163,F,36-50
C01986,F,36-50
C00107,M,<18
C03549,F,>65
C02117,M,18-35
C03095,M,51-65
C01276,F,36-50
C01414,M,>65
C01595,M,>65
C01392,M,36-50
C04605,F,>65
C03501,F,<18
C04287,F,>65
C01194,F,<18
C01671,M,36-50
C01740,M,>65
C03670,F,18-35
C00748,F,18-35
C03809,M,36-50
C00193,M,18-35
C00530,M,51-65
C00565,F,>65
C02008,F,51-65
C01712,F,<18
C04483,F,36-50
C02825,F,36-50
C03636,M,18-35
C01557,M,>65
C01764,M,18-35
C04711,F,36-50
C04816,F,51-65
C00228,M,36-50
C04005,F,<18
C01004,F,<18
C02812,M,18-35
C02100,F,>65
C03298,F,<18
C01277,F,36-50
C03308,F,36-50
C04734,F,<18
C04774,M,<18
C04873,M,36-50
C03605,F,51-65
C03752,F,18-35
C03515,M,51-65
C02199,M,36-50
C00934,F,51-65
C00209,F,<18
C01033,M,18-35
C04599,F,<18
C04104,M,18-35
C03513,M,18-35
C03131,M,36-50
C00081,F,>65
C04189,F,<18
C01108,M,36-50
C02317,F,>65
C02194,M,<18
C01532,M,<18
C03077,M,36-50
C01314,M,51-65
C04364,F,>65
C03277,F,36-50
C04858,M,51-65
C03072,F,51-65
C02643,F,36-50
C01217,M,18-35
C02164,F,36-50
C03787,M,18-35
C03299,F,36-50
C03919,F,>65
C02227,F,>65
C00687,F,51-65
C01476,F,36-50
C01240,F,>65
C02948,F,51-65
C00146,F,>65
C01906,F,18-35
C00438,M,36-50
C03678,F,>65
C02267,M,<18
C02749,M,51-65
C00423,M,<18
C03784,M,<18
C01091,F,>65
C00454,M,<18
C02880,F,>65
C00620,M,36-50
C00512,F,>65
C04573,M,18-35
C00019,M,36-50
C01397,M,36-50
C02098,F,<18
C04752,M,>65
C01552,F,51-65
C04098,F,36-50
C01507,F,18-35
C01072,F,<18
C02193,M,18-35
C00522,M,<18
C04265,M,51-65
C01160,F,>65
C03780,F,18-35
C04686,M,<18
C00637,F,18-35
C02487,F,18-35
C04498,M,18-35
C03167,F,<18
C01949,F,51-65
C01104,M,18-35
C01776,M,18-35
C02734,F,51-65
C04044,F,>65
C01227,M,51-65
C03113,M,18-35
C01056,M,18-35
C00279,F,<18
C03166,F,51-65
C03483,F,36-50
C00339,F,51-65
C00765,F,<18
C04022,M,36-50
C03871,F,18-35
C04212,M,18-35
C04695,M,>65
C01045,M,51-65
C00938,F,36-50
C03297,M,<18
C04938,F,51-65
C00691,F,<18
C00049,F,>65
C04096,M,>65
C04950,M,>65
C01068,M,>65
C00378,M,<18
C02563,M,<18
C01265,M,<18
C01219,F,<18
C00308,M,18-35
C03247,M,<18
C04146,F,36-50
C01154,M,>65
C04588,M,36-50
C04794,F,36-50
C04473,F,<18
C03884,M,36-50
C04547,M,<18
C02259,M,51-65
C04301,M,51-65
C02698,M,51-65
C02461,M,18-35
C04803,M,<18
C00421,M,18-35
C02877,M,36-50
C03239,M,<18
C00098,M,51-65
C03713,M,>65
C00479,F,<18
C03529,F,36-50
C00515,M,36-50
C04866,F,18-35
C01928,F,18-35
C01922,F,36-50
C01962,F,<18
C03833,F,18-35
C01226,F,36-50
C02703,F,18-35
C02071,M,18-35
C01635,F,51-65
C02740,F,18-35
C04515,M,51-65
C03453,F,<18
C00204,M,18-35
C03889,M,18-35
C02577,F,36-50
C01048,F,>65
C00755,M,>65
C00331,F,51-65
C04895,F,36-50
C03588,M,51-65
C02457,M,36-50
C01017,F,<18
C02236,M,51-65
C00932,F,36-50
C03646,F,51-65
C02801,F,18-35
C02745,F,<18
C02511,F,36-50
C02736,M,51-65
C00311,F,51-65
C03135,F,51-65
C00322,F,<18
C04403,F,>65
C04398,M,>65
C01130,F,<18
C00821,F,36-50
C03334,M,<18
C02357,F,<18
C00523,M,>65
C04798,F,18-35
C02091,M,<18
C04238,F,18-35
C03429,M,18-35
C03495,F,>65
C02326,M,>65
C02434,F,>65
C02114,F,>65
C03347,F,36-50
C03438,M,>65
C02756,F,18-35
C02084,F,<18
C04187,F,51-65
C03380,M,51-65
C00643,M,>65
C03743,M,51-65
C00206,F,<18
C04457,M,>65
C01252,F,<18
C03147,F,<18
C03795,F,<18
C01499,M,36-50
C00406,M,51-65
C04232,F,18-35
C04598,F,36-50
C00288,M,36-50
C02790,M,51-65
C01165,M,<18
C01502,M,36-50
C04142,M,>65
C02527,M,51-65
C03365,M,18-35
C04289,M,51-65
C00214,F,18-35
C04024,M,36-50
C00636,F,<18
C04348,F,36-50
C00385,F,18-35
C01472,F,36-50
C03866,M,<18
C04438,F,<18
C00768,F,18-35
C00008,M,>65
C02298,M,51-65
C03155,M,36-50
C04708,M,36-50
C04872,F,18-35
C02323,M,51-65
C00904,F,51-65
C00801,M,<18
C02890,F,>65
C04388,M,<18
C02469,M,18-35
C00484,F,18-35
C01541,F,18-35
C01506,F,18-35
C02800,F,36-50
C01158,M,18-35
C01147,M,>65
C04391,F,51-65
C04690,M,18-35
C00110,F,>65
C00877,M,51-65
C03212,M,<18
C04932,M,<18
C02458,M,18-35
C04643,F,<18
